saccade id,start timestamp [ns],end timestamp [ns],duration [ms],amplitude [px],amplitude [deg],mean velocity [px/s],peak velocity [px/s]
1,1747308621394486829,1747308621424486829,30.0,44.563927,2.8430374,1444.6029,1745.9366
2,1747308621664734829,1747308621699733829,34.998999999999995,68.97215,4.3983335,2001.4747,2731.3652
3,1747308622605601829,1747308622665726829,60.125,168.66002,10.758722,2856.5112,4358.471
4,1747308623000980829,1747308623066097829,65.11699999999999,267.17905,17.011635,4131.263,6930.5645
5,1747308623186221829,1747308623211221829,25.0,27.032207,1.7257104,1056.3315,1123.0034
6,1747308623946840829,1747308624031965829,85.125,198.80287,12.67751,2670.9067,4450.3047
7,1747308624377212829,1747308624547461829,170.249,182.68915,11.632092,3722.9387,8679.7
8,1747308624692584829,1747308624752584829,60.0,276.4435,17.549612,4864.8594,7830.3896
9,1747308625112956829,1747308625162955829,49.998999999999995,161.51137,10.315922,3163.099,4801.032
10,1747308625418212829,1747308625528328829,110.116,261.5335,16.673418,3493.595,6251.5806
11,1747308625648452829,1747308625728576829,80.124,438.18738,27.861998,5692.051,9983.661
12,1747308626023829829,1747308626048826829,24.997,33.25216,2.1238236,1650.8287,1789.4171
13,1747308626379071829,1747308626419195829,40.123999999999995,120.70238,7.709658,3484.4517,4738.3193
14,1747308626659444829,1747308626694443829,34.998999999999995,90.1601,5.7497964,2845.5566,3593.6475
15,1747308626919566829,1747308626964691829,45.125,212.35184,13.548579,4533.38,7088.7456
16,1747308627335063829,1747308627375074829,40.010999999999996,85.61711,5.472967,2281.1182,3204.865
17,1747308627470187829,1747308627695310829,225.123,143.98744,9.197004,2472.15,6410.2344
18,1747308627855559829,1747308627935568829,80.009,381.72812,24.295155,4934.256,8729.413
19,1747308628065682829,1747308628110682829,45.0,226.36432,14.424986,4849.4395,7658.327
20,1747308628441054829,1747308628466054829,25.0,58.311886,3.7215958,1829.9899,2194.1875
21,1747308628791430829,1747308628831426829,39.995999999999995,130.75827,8.344648,3372.3037,4937.164
22,1747308630322789829,1747308630357789829,35.0,76.80529,4.901155,2220.3354,2961.8005
23,1747308630718161829,1747308630753161829,35.0,55.847256,3.5660613,1564.869,2085.9663
24,1747308631113533829,1747308631143533829,30.0,48.596664,3.103857,1626.8969,2005.4899
25,1747308631614029829,1747308631669029829,55.0,244.98003,15.621373,4441.286,7711.2534
26,1747308631789153829,1747308631814152829,24.999,33.429306,2.128247,1274.5771,1436.0132
27,1747308632029401829,1747308632069403829,40.001999999999995,89.611786,5.7120566,2250.039,3332.9316
28,1747308632319649829,1747308632359648829,39.998999999999995,76.26098,4.8619957,1928.5808,2654.1897
29,1747308632519772829,1747308632544909829,25.137,25.796824,1.6475667,985.94867,1163.3607
30,1747308632925144829,1747308632960268829,35.123999999999995,76.953316,4.895651,2251.5134,3053.3271
31,1747308633200516829,1747308633235516829,35.0,60.040737,3.825547,1631.4004,2302.5867
32,1747308635983005829,1747308636083119829,100.11399999999999,317.053,20.24076,3533.9893,5037.926
33,1747308636168243829,1747308636218243829,50.0,178.65137,11.350414,4456.9194,6324.8555
34,1747308636368366829,1747308636408502829,40.135999999999996,142.27176,9.066578,3725.9995,5408.2886
35,1747308636998986829,1747308637018986829,20.0,23.17054,1.4802914,1024.1274,1138.156
36,1747308638200102829,1747308638230102829,30.0,32.323936,2.0647352,1174.3381,1339.8254
37,1747308638325229829,1747308638395225829,69.996,418.56796,26.661638,6608.444,10716.552
38,1747308638600474829,1747308638770597829,170.123,363.93854,23.231573,4391.399,7786.506
39,1747308638870722829,1747308638910721829,39.998999999999995,190.526,12.167461,4499.6177,6494.9956
40,1747308639185973829,1747308639271093829,85.11999999999999,428.95462,27.343803,5553.1826,8290.952
41,1747308639471342829,1747308639501342829,30.0,47.51193,3.0317383,1290.1718,1651.3547
42,1747308639661465829,1747308639736594829,75.12899999999999,361.11838,23.011549,4815.3926,9408.279
43,1747308639916713829,1747308639951716829,35.003,62.841007,3.9994361,2335.7932,3121.3782
44,1747308640131836829,1747308640226961829,95.125,477.5442,30.406431,5374.9087,8182.61
45,1747308640432209829,1747308640472209829,40.0,137.94887,8.80025,3322.6765,4694.9883
46,1747308640647332829,1747308640782456829,135.124,400.61002,25.548214,3124.9033,4563.819
47,1747308640937705829,1747308640987707829,50.001999999999995,227.25371,14.185315,4843.456,7843.9355
48,1747308641137829829,1747308641242953829,105.124,434.70004,27.728445,4481.851,6797.5054
49,1747308641658328829,1747308641823448829,165.12,479.25482,30.563139,4234.7207,7928.675
50,1747308641938572829,1747308641993572829,55.0,226.74048,14.0759735,4219.546,7192.002
51,1747308642218820829,1747308642278944829,60.123999999999995,246.4596,15.309537,3321.0222,7217.211
52,1747308642368944829,1747308642539192829,170.248,150.14713,9.383219,1848.0211,2805.1165
53,1747308644971423829,1747308644996423829,25.0,41.47851,2.6102872,1782.9596,2191.1716
54,1747308645146559829,1747308645176546829,29.987,42.305523,2.6793635,1350.1616,1639.5144
55,1747308645346795829,1747308645381795829,35.0,65.48294,4.164601,1935.5763,2634.7778
56,1747308647578777829,1747308647633902829,55.125,175.60533,11.187501,3346.9895,5175.0083
57,1747308649715760829,1747308649755885829,40.125,124.54509,7.934852,2685.3767,4711.8784
58,1747308650421505829,1747308650646628829,225.123,25.044378,1.5944196,2439.8635,8581.66
59,1747308651872743829,1747308651902868829,30.125,42.53675,2.700735,1422.0575,1760.4362
60,1747308653774608829,1747308653899727829,125.119,227.22003,14.48388,2646.9016,4852.406
61,1747308654355098829,1747308654570347829,215.249,225.83452,14.41974,3052.082,7857.75
62,1747308654750473829,1747308654795471829,44.998,184.59886,11.733298,3856.815,6323.5435
63,1747308655000718829,1747308655085843829,85.125,373.81122,23.847849,4633.089,8363.822
64,1747308655305966829,1747308655386094829,80.128,436.90576,27.855923,5575.6606,9449.91
65,1747308655641338829,1747308655671338829,30.0,77.191025,4.933105,2507.5771,3067.9814
66,1747308655846462829,1747308655986602829,140.14,452.24133,28.806883,3738.756,8019.795
67,1747308656281958829,1747308656341958829,60.0,246.49837,15.66383,4006.4602,6458.245
68,1747308656472082829,1747308656527081829,54.998999999999995,187.7672,11.890942,3738.7412,5812.7437
69,1747308656712330829,1747308656812457829,100.127,282.8606,18.054878,4513.031,9380.111
70,1747308656922453829,1747308656952578829,30.125,31.640938,1.9832065,1557.5981,1794.4685
71,1747308657533073829,1747308657668197829,135.124,518.218,32.938343,4562.934,7537.0806
72,1747308657793321829,1747308657823331829,30.009999999999998,96.70774,6.1101885,3995.8088,4813.4756
73,1747308658023569829,1747308658138568829,114.999,55.863163,3.5547116,1174.1486,1495.9368
74,1747308658228692829,1747308658478943829,250.25099999999998,390.258,24.827135,2322.8455,5265.959
75,1747308658709199829,1747308658734204829,25.005,36.126102,2.2652938,1649.1644,1835.9565
76,1747308658839313829,1747308658874312829,34.998999999999995,78.82175,5.0107484,2154.8452,2813.6965
77,1747308659034436829,1747308659114561829,80.125,504.34473,32.134197,6705.3506,11198.87
78,1747308659304684829,1747308659339684829,35.0,114.2561,7.245667,3152.7976,4312.459
79,1747308659720072829,1747308659780180829,60.108,266.5539,16.877874,4453.84,7787.041
80,1747308659935304829,1747308660030428829,95.124,549.064,34.63877,6320.0283,9486.564
81,1747308660175552829,1747308660230552829,55.0,237.60567,15.118869,4203.209,9144.254
82,1747308660450800829,1747308660590924829,140.124,204.46387,12.63357,2987.2402,7803.4673
83,1747308660686048829,1747308660751061829,65.01299999999999,239.71292,14.999851,3669.9,7461.3926
84,1747308660936171829,1747308661021295829,85.124,320.484,20.368517,4181.2944,8422.384
85,1747308661321543829,1747308661376667829,55.123999999999995,33.98664,2.1713185,1388.9863,2008.4764
86,1747308662888032829,1747308662918033829,30.000999999999998,72.32356,4.6124115,2359.3628,2932.908
87,1747308663098278829,1747308663133278829,35.0,80.937004,5.159413,2351.0625,3109.101
88,1747308663293409829,1747308663418526829,125.11699999999999,415.78183,26.568949,3893.9082,6478.8945
89,1747308663643774829,1747308663663774829,20.0,43.266857,2.6957703,2300.3208,2821.5083
90,1747308663894022829,1747308664029147829,135.125,480.66132,30.364868,4534.6465,8481.405
91,1747308664174270829,1747308664204270829,30.0,72.845375,4.651518,2120.8198,2578.826
92,1747308664474517829,1747308664519517829,45.0,137.86923,8.808314,3334.107,5350.3745
93,1747308664624641829,1747308664679653829,55.012,211.49397,13.499524,4047.452,6974.3394
94,1747308665070013829,1747308665090141829,20.128,26.648476,1.7017546,1270.7915,1411.0095
95,1747308665460384829,1747308665485520829,25.136,30.909246,1.974845,1454.781,1863.2562
96,1747308665995880829,1747308666031005829,35.125,53.36615,3.4012587,1757.0063,2232.1619
97,1747308666206129829,1747308666286253829,80.124,362.41913,23.09343,5259.1406,7690.011
98,1747308666391252829,1747308666461376829,70.124,49.840782,3.127545,3973.0627,6840.4736
99,1747308666566501829,1747308666666500829,99.999,468.2784,30.235397,4754.236,9534.779
100,1747308666756625829,1747308666791627829,35.001999999999995,94.220245,6.2532077,3420.1575,5114.421
101,1747308666921748829,1747308666956876829,35.128,49.12753,2.847438,1565.9299,2337.37
102,1747308667176996829,1747308667392244829,215.248,934.54724,59.49031,6154.753,10071.927
103,1747308667607367829,1747308667682492829,75.125,48.63657,3.0957987,2855.1165,4230.192
104,1747308667782616829,1747308667907740829,125.124,54.886154,3.5057561,4497.527,8867.956
105,1747308668157867829,1747308668217987829,60.12,269.73193,17.177464,4052.6084,6575.2275
106,1747308668393111829,1747308668458235829,65.124,326.62616,20.821466,4375.3203,7960.798
107,1747308668658359829,1747308668693483829,35.123999999999995,68.71254,4.391757,1930.7721,2607.0574
108,1747308669148855829,1747308669218854829,69.999,23.403015,1.4927626,1736.1393,3657.0876
109,1747308669369103829,1747308669479102829,109.999,17.644615,1.1236328,2171.2783,4148.528
110,1747308669894599829,1747308669969598829,74.999,346.15887,22.094482,4670.3423,7051.3516
111,1747308670284846829,1747308670409970829,125.124,79.125565,5.039971,2287.6362,3669.8364
112,1747308670800341829,1747308670955465829,155.124,22.692493,1.4446554,2366.9973,4365.865
113,1747308671330848829,1747308671385962829,55.114,216.67952,13.824185,3933.3333,6652.814
114,1747308671656210829,1747308671756209829,99.999,14.609654,0.9315764,1271.5468,1758.1981
115,1747308671936457829,1747308671966457829,30.0,32.477566,2.0702798,1141.0352,1331.4116
116,1747308672261705829,1747308672281712829,20.006999999999998,19.909544,1.2680193,1006.92194,1301.3551
117,1747308672942325829,1747308672967336829,25.011,23.357769,1.4896315,988.7079,1164.0702
118,1747308674038449829,1747308674073440829,34.991,68.47717,4.364624,2005.6229,2789.739
119,1747308674318704829,1747308674358688829,39.983999999999995,67.95738,4.3442607,2027.5438,2656.846
120,1747308674588949829,1747308674714060829,125.11099999999999,48.01819,3.0683846,1709.5283,3465.5007
121,1747308675614803829,1747308675719927829,105.124,545.6572,34.75248,5439.814,9268.69
122,1747308675925186829,1747308675960191829,35.004999999999995,56.72798,3.5378497,1974.1641,2393.0786
123,1747308676095299829,1747308676150298829,54.998999999999995,208.26869,13.273522,3579.891,5149.499
124,1747308676270425829,1747308676325552829,55.126999999999995,191.51851,12.199639,3755.8157,6232.0317
125,1747308676610803829,1747308676635795829,24.991999999999997,21.722012,1.3860152,1217.4506,1419.058
126,1747308676785918829,1747308676841043829,55.125,242.75449,15.483981,4673.1333,7242.899
127,1747308676941042829,1747308676986166829,45.123999999999995,220.34053,14.045249,4315.9385,6676.9585
128,1747308677126295829,1747308677156290829,29.994999999999997,65.51822,4.1693063,1948.8186,2590.6172
129,1747308677306414829,1747308677376538829,70.124,338.23804,21.522055,5656.244,8636.864
130,1747308677736785829,1747308677771797829,35.012,66.764626,4.265478,1964.1528,2536.4978
131,1747308677992033829,1747308678092158829,100.125,28.612606,1.8277459,1759.2074,2526.8938
132,1747308678232281829,1747308678387405829,155.124,29.925259,1.9103944,5551.1055,14762.084
133,1747308678907901829,1747308678942901829,35.0,53.18125,3.397787,1557.548,2044.2148
134,1747308679153149829,1747308679198160829,45.010999999999996,140.39565,8.969166,3135.0854,4392.3125
135,1747308679603523829,1747308679648645829,45.122,145.20476,9.278144,3238.4402,5042.8545
136,1747308680544387829,1747308680579512829,35.125,41.474216,2.6503036,1286.3804,1670.1875
137,1747308681785628829,1747308681815627829,29.999,40.510307,2.587094,1303.4054,1479.32
138,1747308681980751829,1747308682010751829,30.0,43.067795,2.7511616,1508.4701,1886.9391
139,1747308682180999829,1747308682260998829,79.999,393.43323,25.073017,4813.056,7446.3975
140,1747308682426122829,1747308682501247829,75.125,351.7269,22.38081,4708.7,7754.3926
141,1747308682711495829,1747308682746495829,35.0,81.80356,5.2264943,2299.1765,3114.5444
142,1747308683361990829,1747308683562238829,200.248,118.76988,7.592757,2765.5696,6677.6787
143,1747308683677362829,1747308683712362829,35.0,81.01622,5.1772776,2440.1448,3222.9375
144,1747308684162733829,1747308684202858829,40.125,69.69646,4.454152,1909.1864,2626.4268
145,1747308684718354829,1747308684758356829,40.001999999999995,104.879616,6.7005534,2800.5435,3839.2097
146,1747308685579096829,1747308685619096829,40.0,93.73667,5.99117,2774.5007,3832.736
147,1747308685899356829,1747308685934469829,35.113,75.13889,4.8030696,2263.166,2981.2014
148,1747308686414842829,1747308686444965829,30.122999999999998,41.771416,2.6701806,1494.2709,1843.5254
149,1747308686625088829,1747308686655088829,30.0,37.187603,2.3762565,1340.6619,1638.4263
150,1747308686930336829,1747308686965335829,34.998999999999995,92.379776,5.9034753,2782.3828,3703.9397
151,1747308687721079829,1747308687766079829,45.0,129.88747,8.298715,2732.4353,4057.881
152,1747308687911327829,1747308687961327829,50.0,176.78311,11.293963,3763.1548,6187.079
153,1747308688126451829,1747308688186575829,60.123999999999995,283.3446,18.070778,4669.094,7456.7095
154,1747308688411698829,1747308688466823829,55.125,300.4934,19.171595,5085.9546,8173.1343
155,1747308689958186829,1747308689983186829,25.0,30.378874,1.9399956,1208.3418,1438.368
156,1747308692030044829,1747308692045169829,15.125,14.234242,0.90900743,923.0724,974.35925
157,1747308693891779829,1747308693976903829,85.124,368.71216,23.475855,4464.936,6935.258
158,1747308694152026829,1747308694227151829,75.125,398.56815,25.407269,5080.4517,8677.323
159,1747308695128018829,1747308695153018829,25.0,32.224453,2.0580237,1331.8737,1574.3431
160,1747308695828638829,1747308695868637829,39.998999999999995,94.75295,6.0511312,2385.8694,3451.501
161,1747308696058886829,1747308696103885829,44.998999999999995,136.53264,8.701107,3007.2937,4676.818
162,1747308696264009829,1747308696309142829,45.132999999999996,153.58714,9.772707,3444.8994,5436.2607
163,1747308696884629829,1747308696929629829,45.0,185.73093,11.813534,4188.201,6597.6885
164,1747308697400125829,1747308697440135829,40.01,109.59062,6.9912577,2746.7534,3734.8884
165,1747308699181735829,1747308699221743829,40.007999999999996,135.11058,8.613866,3494.1995,5093.6895
166,1747308699346859829,1747308699406986829,60.126999999999995,263.4009,16.763197,4841.5537,7844.959
167,1747308699567112829,1747308699612106829,44.994,149.04369,9.49865,3457.9282,5268.081
168,1747308699782355829,1747308699807355829,25.0,30.139952,1.9244153,1293.2754,1590.0808
169,1747308700482974829,1747308700542974829,60.0,190.09758,12.133433,3037.7622,5563.341
170,1747308700643098829,1747308700743229829,100.131,85.42722,5.419767,2434.695,3330.7449
171,1747308700888359829,1747308700923346829,34.987,107.72072,6.8723984,2501.5464,3157.7107
172,1747308701243718829,1747308701338718829,95.0,256.8147,16.295246,3738.7117,6750.7676
173,1747308701598965829,1747308701654090829,55.125,157.28284,10.031895,2761.8635,5201.9595
174,1747308701844213829,1747308701884213829,40.0,147.21954,9.384472,3589.7383,5125.212
175,1747308702119461829,1747308702169463829,50.001999999999995,126.17741,8.045739,2725.0496,4190.619
176,1747308702304584829,1747308702344709829,40.125,72.23162,4.6037173,2052.618,2713.5986
177,1747308702644956829,1747308702795080829,150.124,280.89377,17.919956,3929.4395,8198.885
178,1747308702940204829,1747308702980216829,40.012,96.7555,6.139862,2388.8833,3762.8877
179,1747308703415700829,1747308703445703829,30.003,59.060066,3.7721465,1930.0107,2593.7598
180,1747308703936196829,1747308703971195829,34.998999999999995,58.138363,3.708882,1629.6042,2370.2761
181,1747308704311568829,1747308704331567829,19.999,19.644897,1.2543985,969.3241,1167.7822
182,1747308704841938829,1747308704867063829,25.125,32.470917,2.0750277,1323.6792,1548.4666
183,1747308705377559829,1747308705397568829,20.009,18.421597,1.176123,924.3202,1050.5245
184,1747308706693673829,1747308706763797829,70.124,309.41205,19.659224,4958.046,7281.751
185,1747308707264293829,1747308707464417829,200.124,482.16998,30.427406,3792.7976,7296.9077
186,1747308707614540829,1747308707659665829,45.125,186.42746,11.39295,4293.9556,6205.176
187,1747308707874788829,1747308707899794829,25.006,29.20831,1.7993418,1274.0767,1429.7444
188,1747308708160050829,1747308708270160829,110.11,551.92633,35.083164,5322.3467,8143.698
189,1747308708435284829,1747308708470408829,35.123999999999995,55.42997,3.5250144,1887.8807,2533.0974
190,1747308708900780829,1747308708935779829,34.998999999999995,54.313644,3.4714007,1621.0604,1995.8751
191,1747308709065903829,1747308709095903829,30.0,40.183716,2.5677228,1469.2744,1840.3651
192,1747308709311151829,1747308709346154829,35.003,82.77993,5.287459,2308.2976,3273.4163
193,1747308709696523829,1747308709746526829,50.003,147.39326,9.394874,3081.424,5020.0054
194,1747308709951779829,1747308709991771829,39.992,139.18076,8.874405,3607.3435,5193.9937
195,1747308710617390829,1747308710652390829,35.0,55.038715,3.5119538,1525.434,2055.722
196,1747308710948388829,1747308710983499829,35.111,60.58254,3.8679461,1791.7797,2437.2844
197,1747308711178627829,1747308711258750829,80.12299999999999,121.28489,7.7196293,1848.9331,2807.319
198,1747308711714126829,1747308711774124829,59.998,201.12851,12.789625,3835.5256,6031.6997
199,1747308712104499829,1747308712134499829,30.0,38.974968,2.4837964,1549.03,1864.6886
200,1747308713070373829,1747308713105373829,35.0,71.627205,4.565796,2057.9446,2765.857
201,1747308713635884829,1747308713680998829,45.114,77.4076,4.9442167,1800.6107,2792.9897
202,1747308714176384829,1747308714231498829,55.114,109.96121,7.0081944,2303.8098,3425.3047
203,1747308714511748829,1747308714606873829,95.125,379.67892,24.138327,3687.676,6408.446
204,1747308714747008829,1747308714766998829,19.99,19.190554,1.2032313,993.32184,1052.8447
205,1747308714952123829,1747308714992248829,40.125,90.60855,5.7527914,2122.3005,3295.4211
206,1747308715412623829,1747308715522748829,110.125,532.7146,33.73075,5937.423,8430.176
207,1747308715642748829,1747308715677873829,35.125,114.9543,7.310086,4428.058,5971.793
208,1747308716368498829,1747308716393498829,25.0,30.036066,1.9053215,1801.8008,1917.1044
209,1747308717474498829,1747308717499511829,25.012999999999998,36.04097,2.299079,1364.2208,1604.4026
210,1747308717604623829,1747308717644623829,40.0,138.99474,8.82722,3364.5947,4824.3135
211,1747308717904872829,1747308717949998829,45.126,130.67996,8.33638,2846.9731,4289.8975
212,1747308719231122829,1747308719276247829,45.125,132.78099,8.473342,3094.2346,4830.2827
213,1747308719491372829,1747308719516384829,25.012,32.00255,2.0437913,1466.8761,1691.4144
214,1747308720612497829,1747308720652497829,40.0,109.51967,6.9625807,2559.971,3963.424
215,1747308720772622829,1747308720807622829,35.0,80.44799,5.084029,2349.091,3000.1458
216,1747308721047872829,1747308721067872829,20.0,24.06564,1.5255054,1199.5465,1439.9984
217,1747308721207997829,1747308721253122829,45.125,123.13564,7.8585186,2572.9336,4077.188
218,1747308721463250829,1747308721503260829,40.01,140.80208,8.976888,3437.461,4871.399
219,1747308721618384829,1747308721653496829,35.112,53.72901,3.4038007,1626.1178,2118.4338
220,1747308722849496829,1747308722904621829,55.125,122.47823,7.7449217,2713.7014,4715.5933
221,1747308723079746829,1747308723184871829,105.125,304.16544,19.413994,3210.2864,6300.02
222,1747308723415124829,1747308723455121829,39.997,68.93159,4.397293,2070.1792,2745.205
223,1747308723615246829,1747308723695371829,80.125,236.17519,15.049971,3444.1897,5827.6357
224,1747308724075746829,1747308724125746829,50.0,176.05815,11.168774,3778.4353,6067.6724
225,1747308724410996829,1747308724521121829,110.125,600.70636,38.224842,5859.1772,8586.658
226,1747308724686246829,1747308724751371829,65.125,128.39984,8.182704,3127.223,5944.187
227,1747308724971496829,1747308725006621829,35.125,76.17434,4.8191724,2471.016,3583.506
228,1747308725311871829,1747308725411995829,100.124,469.59418,29.016394,6139.3105,7915.446
229,1747308725537121829,1747308725712245829,175.124,877.7433,55.493404,6829.784,9870.471
230,1747308725907386829,1747308725942495829,35.109,130.85089,8.3234625,3087.5205,4247.7417
231,1747308726122620829,1747308726157620829,35.0,92.492485,5.9000635,2807.7366,3563.5115
232,1747308726978370829,1747308727013501829,35.131,46.689438,2.9709523,1690.4298,2199.3577
233,1747308727253626829,1747308727338745829,85.119,493.4061,31.267548,6429.1895,10173.312
234,1747308727513870829,1747308727553998829,40.128,85.02692,5.398146,2272.6387,3266.4062
235,1747308727859245829,1747308727894256829,35.010999999999996,75.005905,4.767634,1997.7604,3009.3125
236,1747308728124500829,1747308728154508829,30.008,82.43283,5.2221575,2300.3909,3299.59
237,1747308728835121829,1747308728855244829,20.122999999999998,19.863836,1.260743,1079.1787,1326.5214
238,1747308729090370829,1747308729225494829,135.124,49.668728,3.148564,2034.3569,3945.7256
239,1747308729625869829,1747308730186494829,560.625,69.95868,4.3939166,2669.5713,7999.1523
240,1747308730436619829,1747308730471744829,35.125,53.23375,3.392289,1511.3148,1782.7839
241,1747308730581744829,1747308730616869829,35.125,69.2096,4.399622,2031.1661,2825.3855
242,1747308731077248829,1747308731112244829,34.995999999999995,87.23127,5.485112,2170.4226,3735.4832
243,1747308731232369829,1747308731272494829,40.125,114.02272,7.087502,2906.6719,4118.321
244,1747308731562744829,1747308731612744829,50.0,156.44992,9.896422,3009.1128,4968.7246
245,1747308731702869829,1747308731732869829,30.0,41.155518,2.6020815,1295.2032,1706.1514
246,1747308731963119829,1747308731988122829,25.003,27.937542,1.7811182,1168.571,1382.3365
247,1747308732198382829,1747308732218370829,19.988,21.821815,1.3850256,994.8152,1149.9574
248,1747308732833869829,1747308732938993829,105.124,97.36187,6.2087383,1471.6808,2409.2646
249,1747308733084118829,1747308733104118829,20.0,31.505186,1.9859428,1390.2559,1640.8131
250,1747308733549618829,1747308733584618829,35.0,84.0195,5.3015523,2411.5522,3088.4128
251,1747308734060118829,1747308734115118829,55.0,125.2823,7.992321,2310.3333,3992.734
252,1747308734715619829,1747308734790743829,75.124,100.45418,6.4117947,1502.2203,2329.1123
253,1747308735286243829,1747308735306243829,20.0,17.244637,1.0980304,892.9934,1037.0883
254,1747308735676617829,1747308735711618829,35.001,81.11805,5.132079,2328.2383,3069.5605
255,1747308735841742829,1747308735891743829,50.001,181.06651,11.483152,3520.7925,6062.6807
256,1747308736176992829,1747308736237117829,60.125,241.16725,15.286258,3390.1484,7628.6274
257,1747308736792617829,1747308736827617829,35.0,63.18725,4.010775,1602.0554,2365.617
258,1747308737247992829,1747308737268117829,20.125,24.11173,1.5273402,1198.2615,1338.7644
259,1747308737663379829,1747308737688509829,25.13,32.217316,2.01369,1162.9727,1340.303
260,1747308737963742829,1747308738158867829,195.125,33.985634,2.1379046,1226.2013,1743.8525
261,1747308738579242829,1747308738609366829,30.124,36.487385,2.317122,1228.1803,1561.0009
262,1747308739435116829,1747308739480116829,45.0,150.31332,9.579859,3332.1152,4729.129
263,1747308740646241829,1747308740701241829,55.0,138.0306,8.808509,2771.9807,4568.9033
264,1747308740901491829,1747308740921491829,20.0,19.607605,1.244674,1004.2941,1188.7599
265,1747308741647115829,1747308741682240829,35.125,43.74383,2.7676487,1298.022,1622.3757
266,1747308742267740829,1747308742302740829,35.0,63.83083,4.056525,1893.1755,2571.9507
267,1747308742527990829,1747308742568000829,40.01,61.937634,3.9401138,1620.6406,2253.2954
268,1747308742888365829,1747308742923365829,35.0,48.09186,3.0681052,1388.5417,1825.3102
269,1747308743859239829,1747308744139490829,280.251,15.412139,0.9784509,2326.9536,6810.842
270,1747308746071364829,1747308746111364829,40.0,39.955845,2.5415075,1186.1777,1499.9174
271,1747308746721866829,1747308746751989829,30.122999999999998,47.8947,3.0529642,1611.4612,2025.16
272,1747308747862988829,1747308747897988829,35.0,48.44969,3.0864365,1387.5536,1796.3262
273,1747308748433488829,1747308748468613829,35.125,60.14177,3.8328576,1718.2416,2217.752
274,1747308749349363829,1747308749384362829,34.998999999999995,52.21758,3.3284943,1504.1443,2128.705
275,1747308750125112829,1747308750160112829,35.0,59.51199,3.7922947,1704.5399,2183.357
276,1747308750645615829,1747308750680616829,35.001,52.790344,3.3671954,1510.8616,2060.873
277,1747308751271237829,1747308751301237829,30.0,50.14542,3.1937125,1538.1562,2142.174
278,1747308751856737829,1747308751886737829,30.0,43.34016,2.7645924,1444.8953,1926.616
279,1747308752202111829,1747308752227111829,25.0,27.5396,1.7561486,1094.9476,1239.3558
280,1747308752632486829,1747308752667488829,35.001999999999995,41.097057,2.6253707,1205.564,1440.5298
281,1747308753172986829,1747308753207986829,35.0,56.284782,3.5941148,1623.6863,2083.1023
282,1747308754088860829,1747308754113861829,25.000999999999998,29.765415,1.8953199,1212.5818,1406.6595
283,1747308754824487829,1747308754849485829,24.997999999999998,25.725351,1.6444811,1002.04675,1279.5754
284,1747308755575235829,1747308755595235829,20.0,21.845222,1.3918096,1037.8066,1134.0306
285,1747308756445984829,1747308756466109829,20.125,19.249758,1.2270432,934.37854,1107.5103
286,1747308758032496829,1747308758277734829,245.238,36.364586,2.3172765,4476.987,9219.266
287,1747308758532984829,1747308758562983829,29.999,42.539818,2.7078986,1361.673,1710.5938
288,1747308758798234829,1747308758848233829,49.998999999999995,156.72272,10.013984,3151.402,4693.1714
289,1747308759143608829,1747308759193611829,50.003,180.7036,11.547995,3149.5884,6208.397
290,1747308759598983829,1747308759664108829,65.125,119.34063,7.625737,1875.0332,2659.3435
291,1747308759899240829,1747308759949372829,50.132,131.50148,8.401939,2679.8438,4742.9097
292,1747308760524858829,1747308760549858829,25.0,27.52587,1.7523168,1103.3412,1349.7386
293,1747308762096357829,1747308762131357829,35.0,60.033672,3.8312674,1755.6511,2190.959
294,1747308763467606829,1747308763502609829,35.003,54.793148,3.493064,1579.4758,2218.7146
295,1747308764158231829,1747308764208356829,50.125,50.204697,3.205385,1508.1005,2318.6157
296,1747308765279355829,1747308765299356829,20.000999999999998,17.263659,1.1033404,852.6126,908.49365
297,1747308765964980829,1747308766019980829,55.0,124.25836,7.9410806,2329.2014,3643.8818
298,1747308766205230829,1747308766225243829,20.012999999999998,19.219873,1.2278847,944.5515,1063.7241
299,1747308766480487829,1747308766535480829,54.992999999999995,164.97594,10.538846,3279.926,5409.7534
300,1747308766990855829,1747308767025980829,35.125,53.19859,3.3944497,1517.641,1956.7985
301,1747308767436354829,1747308767466359829,30.005,50.571068,3.2261486,1700.5111,2278.9202
302,1747308768732492829,1747308768757604829,25.112,28.854578,1.8408622,1169.9478,1362.7345
303,1747308769483228829,1747308769518228829,35.0,61.721527,3.9383678,1765.5142,2338.0503
304,1747308769808603829,1747308769843603829,35.0,51.03713,3.2553189,1484.5088,1909.9003
305,1747308770514228829,1747308770549228829,35.0,78.86658,5.0318975,2192.6597,2934.4292
306,1747308771314981829,1747308771344977829,29.996,40.735313,2.5981472,1373.8,1678.1577
307,1747308771795477829,1747308771815477829,20.0,18.356953,1.1707376,901.76904,970.10187
308,1747308772561105829,1747308772596227829,35.122,53.33149,3.400637,1511.5852,2017.4445
309,1747308773161732829,1747308773191727829,29.994999999999997,51.668438,3.3027408,1609.6708,2057.1323
310,1747308773311852829,1747308773361851829,49.998999999999995,119.23731,7.6219788,2564.6516,3627.3433
311,1747308773642101829,1747308773662229829,20.128,22.020643,1.4060369,1121.8905,1267.5374
312,1747308773817354829,1747308773852351829,34.997,119.80425,7.658017,3104.0676,4499.397
313,1747308774282726829,1747308774307726829,25.0,31.916868,2.0372386,1264.1543,1527.2987
314,1747308774693101829,1747308774723101829,30.0,39.845215,2.5382004,1395.7388,1704.4587
315,1747308774993351829,1747308775013476829,20.125,16.713226,1.0656228,859.38367,927.93567
316,1747308775894225829,1747308775924225829,30.0,39.3694,2.5107431,1413.3693,1672.332
317,1747308776074475829,1747308776114475829,40.0,66.55062,4.233673,1783.8433,2428.4143
318,1747308776474859829,1747308776519850829,44.991,173.67656,11.040897,3980.432,6031.1006
319,1747308776900225829,1747308776935240829,35.015,60.87197,3.8867,1877.7009,2528.6091
320,1747308777180480829,1747308777205474829,24.994,38.969135,2.4868968,1410.8513,1803.6652
321,1747308777520724829,1747308777640849829,120.125,134.13322,8.481871,2706.0762,4995.5464
322,1747308777806099829,1747308777831099829,25.0,41.83422,2.6631382,1733.3099,2166.1555
323,1747308778126349829,1747308778166349829,40.0,66.33392,4.1697927,1726.5167,2462.6704
324,1747308778376599829,1747308778451599829,75.0,301.26065,19.054626,4431.292,8334.257
325,1747308778726849829,1747308778791974829,65.125,267.92908,16.908703,4317.174,7105.66
326,1747308779062223829,1747308779092223829,30.0,37.581745,2.3567646,1289.0153,1709.953
327,1747308779482598829,1747308779507600829,25.002,31.62849,2.0162115,1411.8236,1684.4052
328,1747308780643723829,1747308780673723829,30.0,53.338993,3.40012,1449.5775,1837.8165
329,1747308781284347829,1747308781319347829,35.0,88.74483,5.664644,2388.5906,3561.8628
330,1747308781694722829,1747308781729722829,35.0,69.02045,4.405712,1969.4215,2532.5552
331,1747308784577345829,1747308784607470829,30.125,43.66651,2.7895675,1382.8853,1871.2542
332,1747308785968720829,1747308785988720829,20.0,16.106462,1.0286582,814.1706,862.267
333,1747308786509219829,1747308786529219829,20.0,22.746141,1.4481618,1104.8693,1278.6608
334,1747308786774469829,1747308786804469829,30.0,58.73278,3.7290695,2025.4216,2594.848
335,1747308787575219829,1747308787610222829,35.003,127.57425,8.055275,2901.3118,4882.188
336,1747308787745359829,1747308787785344829,39.985,149.76653,9.48956,3539.984,5806.1626
337,1747308787920470829,1747308787960593829,40.123,91.15413,5.773917,2135.9219,3604.8457
338,1747308788115719829,1747308788145718829,29.999,45.21665,2.8742342,1453.1415,1802.6135
339,1747308788430968829,1747308788516093829,85.125,174.57388,11.12075,2125.0127,3610.9827
340,1747308788841343829,1747308788876468829,35.125,84.49537,5.3322086,2453.62,2995.0073
341,1747308789296857829,1747308789331843829,34.986,57.980103,3.672737,1577.4469,2011.0896
342,1747308789592093829,1747308789657092829,64.999,85.45231,5.404929,2345.4028,4646.782
343,1747308789867342829,1747308789932480829,65.13799999999999,80.05974,5.087825,2183.3125,3913.1597
344,1747308790603092829,1747308790638092829,35.0,85.972855,5.371295,2357.5366,3074.7424
345,1747308790783217829,1747308791023467829,240.25,807.8992,51.440804,4577.9287,8862.498
346,1747308791238592829,1747308791293720829,55.128,286.7819,18.196247,5552.877,9107.703
347,1747308791513841829,1747308791603967829,90.12599999999999,571.45276,36.415215,6833.074,10448.835
348,1747308792064476829,1747308792134466829,69.99,217.56912,13.876286,3458.7896,6653.1177
349,1747308792399716829,1747308792444716829,45.0,130.81601,8.322682,2863.273,4169.8545
350,1747308792845091829,1747308792895216829,50.125,216.48608,13.753536,4367.4224,7064.2583
351,1747308793110341829,1747308793255479829,145.138,578.3044,36.744167,4423.828,9254.032
352,1747308793545840829,1747308793640840829,95.0,278.03763,17.79144,3588.253,5791.083
353,1747308793906090829,1747308793921090829,15.0,25.254257,1.6076043,1564.8068,1737.2505
354,1747308794471715829,1747308794526715829,55.0,55.2618,3.5135303,1452.0731,1826.6191
355,1747308795012214829,1747308795042214829,30.0,41.43042,2.6379976,1411.7202,1736.7568
356,1747308795197339829,1747308795227339829,30.0,43.539333,2.7687602,1476.731,1883.8672
357,1747308795487600829,1747308795517589829,29.988999999999997,60.511707,3.859483,1889.5364,2605.6663
358,1747308795667841829,1747308795697839829,29.997999999999998,57.90032,3.6906748,1915.9308,2248.2136
359,1747308795958089829,1747308795988102829,30.012999999999998,39.92528,2.547042,1344.7733,1649.1841
360,1747308796373472829,1747308796453463829,79.991,130.40875,8.272201,2970.2524,4311.5684
361,1747308797034088829,1747308797064088829,30.0,50.219135,3.1885016,1578.1029,2157.9517
362,1747308797289338829,1747308797314338829,25.0,25.220522,1.6043966,1014.20935,1143.5283
363,1747308797494463829,1747308797529474829,35.010999999999996,65.74476,4.1725044,1850.2081,2533.9988
